{
  "kp": 0.00002,
  "ki": 0.00005,
  "kd": 0
}