{
  "kp": 0.00003,
  "ki": 0.00020,
  "kd": 0
}